{
  "info": {
    "name": "Bookstore Peer Project",
    "_postman_id": "0cafe000-dead-beef-cccc-abcdef123456",
    "description": "Requests for Tasks 1\u20139",
    "schema": "https://schema.getpostman.com/json/collection/v2.1.0/collection.json"
  },
  "item": [
    {
      "name": "Health",
      "request": {
        "method": "GET",
        "header": [],
        "url": {
          "raw": "http://localhost:3000/",
          "protocol": "http",
          "host": [
            "localhost"
          ],
          "port": "3000",
          "path": [
            ""
          ]
        }
      }
    },
    {
      "name": "List Books",
      "request": {
        "method": "GET",
        "header": [],
        "url": {
          "raw": "http://localhost:3000/books",
          "protocol": "http",
          "host": [
            "localhost"
          ],
          "port": "3000",
          "path": [
            "books"
          ]
        }
      }
    },
    {
      "name": "Get by ISBN",
      "request": {
        "method": "GET",
        "header": [],
        "url": {
          "raw": "http://localhost:3000/books/isbn/9780132350884",
          "protocol": "http",
          "host": [
            "localhost"
          ],
          "port": "3000",
          "path": [
            "books",
            "isbn",
            "9780132350884"
          ]
        }
      }
    },
    {
      "name": "Search by Author",
      "request": {
        "method": "GET",
        "header": [],
        "url": {
          "raw": "http://localhost:3000/books/author/martin",
          "protocol": "http",
          "host": [
            "localhost"
          ],
          "port": "3000",
          "path": [
            "books",
            "author",
            "martin"
          ]
        }
      }
    },
    {
      "name": "Search by Title",
      "request": {
        "method": "GET",
        "header": [],
        "url": {
          "raw": "http://localhost:3000/books/title/code",
          "protocol": "http",
          "host": [
            "localhost"
          ],
          "port": "3000",
          "path": [
            "books",
            "title",
            "code"
          ]
        }
      }
    },
    {
      "name": "Get Reviews",
      "request": {
        "method": "GET",
        "header": [],
        "url": {
          "raw": "http://localhost:3000/books/review/9780132350884",
          "protocol": "http",
          "host": [
            "localhost"
          ],
          "port": "3000",
          "path": [
            "books",
            "review",
            "9780132350884"
          ]
        }
      }
    },
    {
      "name": "Register",
      "request": {
        "method": "POST",
        "header": [
          {
            "key": "Content-Type",
            "value": "application/json"
          }
        ],
        "body": {
          "mode": "raw",
          "raw": "{\"username\": \"alice\", \"password\": \"p@ssw0rd\"}"
        },
        "url": {
          "raw": "http://localhost:3000/users/register",
          "protocol": "http",
          "host": [
            "localhost"
          ],
          "port": "3000",
          "path": [
            "users",
            "register"
          ]
        }
      }
    },
    {
      "name": "Login",
      "request": {
        "method": "POST",
        "header": [
          {
            "key": "Content-Type",
            "value": "application/json"
          }
        ],
        "body": {
          "mode": "raw",
          "raw": "{\"username\": \"alice\", \"password\": \"p@ssw0rd\"}"
        },
        "url": {
          "raw": "http://localhost:3000/users/login",
          "protocol": "http",
          "host": [
            "localhost"
          ],
          "port": "3000",
          "path": [
            "users",
            "login"
          ]
        }
      }
    },
    {
      "name": "Upsert Review (PUT)",
      "request": {
        "method": "PUT",
        "header": [
          {
            "key": "Authorization",
            "value": "Bearer {{TOKEN}}"
          },
          {
            "key": "Content-Type",
            "value": "application/json"
          }
        ],
        "body": {
          "mode": "raw",
          "raw": "{\"review\": \"Must-read for clean code practices!\"}"
        },
        "url": {
          "raw": "http://localhost:3000/auth/review/9780132350884",
          "protocol": "http",
          "host": [
            "localhost"
          ],
          "port": "3000",
          "path": [
            "auth",
            "review",
            "9780132350884"
          ]
        }
      }
    },
    {
      "name": "Delete Own Review",
      "request": {
        "method": "DELETE",
        "header": [
          {
            "key": "Authorization",
            "value": "Bearer {{TOKEN}}"
          }
        ],
        "url": {
          "raw": "http://localhost:3000/auth/review/9780132350884",
          "protocol": "http",
          "host": [
            "localhost"
          ],
          "port": "3000",
          "path": [
            "auth",
            "review",
            "9780132350884"
          ]
        }
      }
    }
  ],
  "variable": [
    {
      "key": "TOKEN",
      "value": ""
    }
  ]
}